campaign,status,progress_pct,leads,sent,replies,smartlead_reply_rate_pct,positive_replies,positive_share_of_replies_pct,bounce_rate_pct,sender_bounce_rate_pct,replies_per_1000_leads,positive_per_1000_leads
Dealthreads — W1 Staffing Owners (General),Paused,,2709,13208,51,1.88,5,9.8,0.26,0.08,18.83,1.85
Swag — Law National (Retreat Season),Active,78,3252,12395,77,4.44,3,3.9,0.12,0.14,23.68,0.92
Dealthreads — W1 Staffing Owners (Vertical),Paused,,4458,13406,48,1.08,3,6.25,0.35,0.09,10.77,0.67
Swag — Trade Show Exhibitors Oct 2026,Active,36,7433,14439,50,1.59,1,2.0,0.10,0.14,6.73,0.13
Swag — Law Firm Administrators,Active,11,2332,3764,17,2.30,1,5.88,0.03,0.27,7.29,0.43
Swag — Construction US (GCs),Paused,,3000,3000,16,0.97,1,6.25,0.30,0.57,5.33,0.33
Swag — Race Season Sept-Dec 2026,Active,73,890,2594,11,6.29,0,0.0,0.04,0.15,12.36,0.00
Swag — Athletic Directors (Spirit Stores),Active,3,1081,1153,2,1.47,0,0.0,0.09,0.09,1.85,0.00
Swag — Galas & Fundraising Events,Active,55,194,431,2,3.51,0,0.0,0.00,0.00,10.31,0.00
Dealthreads — W3 Midmarket Sales Leaders,Completed,,396,1182,2,0.51,0,0.0,0.17,0.17,5.05,0.00
Swag — Camps Fall 2026 (Store Reopen),Paused,,150,150,1,5.26,0,0.0,0.00,0.00,6.67,0.00
Swag — Synagogues Tri-State (Kippot),Paused,,100,100,0,0.00,0,,0.00,0.00,0.00,0.00
